1,MdMdU.ead.hbkspec.0036U.ead.histms.0362.xml,error,error,OK,OK
2,MdU.ead.hbkspec.0003.xml,error,error,OK,OK
3,MdU.ead.hbkspec.0005.xml,OK,OK,OK,OK
4,MdU.ead.hbkspec.0010.xml,error,error,OK,OK
5,MdU.ead.hbkspec.0011.xml,error,error,OK,OK
6,MdU.ead.hbkspec.0013.xml,OK,OK,OK,OK
7,MdU.ead.hbkspec.0014.xml,OK,OK,OK,OK
8,MdU.ead.hbkspec.0020.xml,OK,OK,OK,OK
9,MdU.ead.hbkspec.0021.xml,OK,OK,OK,OK
10,MdU.ead.hbkspec.0022.xml,OK,OK,OK,OK
11,MdU.ead.hbkspec.0023.xml,OK,OK,OK,OK
12,MdU.ead.hbkspec.0024.xml,OK,OK,OK,OK
13,MdU.ead.hbkspec.0033.xml,OK,OK,OK,OK
14,MdU.ead.hbkspec.0034.xml,error,error,OK,OK
15,MdU.ead.hbkspec.0036.xml,error,error,OK,OK
16,MdU.ead.hbkspec.0037.xml,OK,OK,OK,OK
17,MdU.ead.hbkspec.0038.xml,OK,OK,OK,OK
18,MdU.ead.hbkspec.0039.xml,OK,OK,OK,OK
19,MdU.ead.hbkspec.0040.xml,OK,OK,OK,OK
20,MdU.ead.hbkspec.0041.xml,OK,OK,OK,OK
21,MdU.ead.hbkspec.0042.xml,error,error,OK,OK
22,MdU.ead.hbkspec.0043.xml,OK,OK,OK,OK
23,MdU.ead.hbkspec.0044.xml,OK,OK,OK,OK
24,MdU.ead.hbkspec.0045.xml,OK,OK,OK,OK
25,MdU.ead.hbkspec.0046.xml,OK,OK,OK,OK
26,MdU.ead.hbkspec.0047.xml,OK,OK,OK,OK
27,MdU.ead.hbkspec.0048.xml,OK,OK,OK,OK
28,MdU.ead.hbkspec.0049.xml,OK,OK,OK,OK
29,MdU.ead.hbkspec.0050.xml,OK,OK,OK,OK
30,MdU.ead.hbkspec.0051.xml,OK,OK,OK,OK
31,MdU.ead.hbkspec.0052.xml,OK,OK,OK,OK
32,MdU.ead.hbkspec.0053.xml,OK,OK,OK,OK
33,MdU.ead.hbkspec.0054.xml,OK,OK,OK,OK
34,MdU.ead.hbkspec.0055.xml,OK,OK,OK,OK
35,MdU.ead.hbkspec.0056.xml,OK,OK,OK,OK
36,MdU.ead.hbkspec.0057.xml,OK,OK,OK,OK
37,MdU.ead.hbkspec.0058.xml,OK,OK,OK,OK
38,MdU.ead.hbkspec.0059.xml,OK,OK,OK,OK
39,MdU.ead.hbkspec.0060.xml,OK,OK,OK,OK
40,MdU.ead.hbkspec.0061.xml,OK,OK,OK,OK
41,MdU.ead.hbkspec.0062.xml,OK,OK,OK,OK
42,MdU.ead.hbkspec.0063.xml,OK,OK,OK,OK
43,MdU.ead.hbkspec.0064.xml,OK,OK,OK,OK
44,MdU.ead.hbkspec.0065.xml,OK,OK,OK,OK
45,MdU.ead.hbkspec.0066.xml,OK,OK,OK,OK
46,MdU.ead.hbkspec.0067.xml,OK,OK,OK,OK
47,MdU.ead.hbkspec.0068.xml,OK,OK,OK,OK
48,MdU.ead.hbkspec.0069.xml,OK,OK,OK,OK
49,MdU.ead.hbkspec.0070.xml,OK,OK,OK,OK
50,MdU.ead.hbkspec.0071.xml,OK,OK,OK,OK
51,MdU.ead.hbkspec.0072.xml,OK,OK,OK,OK
52,MdU.ead.hbkspec.0073.xml,OK,OK,OK,OK
53,MdU.ead.hbkspec.0074.xml,OK,OK,OK,OK
54,MdU.ead.hbkspec.0075.xml,OK,OK,OK,OK
55,MdU.ead.hbkspec.0076.xml,OK,OK,OK,OK
56,MdU.ead.hbkspec.0077.xml,OK,OK,OK,OK
57,MdU.ead.hbkspec.0078.xml,OK,OK,OK,OK
58,MdU.ead.hbkspec.0083.xml,OK,OK,OK,OK
59,MdU.ead.hbkspec.0084.xml,OK,OK,OK,OK
60,MdU.ead.hbkspec.0085.xml,error,error,OK,OK
61,MdU.ead.litms.0001.xml,OK,OK,OK,OK
62,MdU.ead.litms.0002.xml,OK,OK,OK,OK
63,MdU.ead.litms.0003.xml,OK,OK,OK,OK
64,MdU.ead.litms.0004.xml,OK,OK,OK,OK
65,MdU.ead.litms.0005.xml,OK,OK,OK,OK
66,MdU.ead.litms.0006.xml,OK,OK,OK,OK
67,MdU.ead.litms.0007.xml,OK,OK,OK,OK
68,MdU.ead.litms.0008.xml,OK,OK,OK,OK
69,MdU.ead.litms.0009.xml,OK,OK,OK,OK
70,MdU.ead.litms.0010.xml,OK,OK,OK,OK
71,MdU.ead.litms.0011.xml,error,error,OK,OK
72,MdU.ead.litms.0012.xml,error,error,OK,OK
73,MdU.ead.litms.0013.xml,OK,OK,OK,OK
74,MdU.ead.litms.0014.xml,error,error,OK,OK
75,MdU.ead.litms.0015.xml,error,error,OK,OK
76,MdU.ead.litms.0016.xml,error,error,OK,OK
77,MdU.ead.litms.0017.xml,OK,OK,OK,OK
78,MdU.ead.litms.0018.xml,OK,OK,OK,OK
79,MdU.ead.litms.0019.xml,OK,OK,OK,OK
80,MdU.ead.litms.0020.xml,OK,OK,OK,OK
81,MdU.ead.litms.0021.xml,OK,OK,OK,OK
82,MdU.ead.litms.0022.xml,OK,OK,OK,OK
83,MdU.ead.litms.0023.xml,OK,OK,OK,OK
84,MdU.ead.litms.0024.xml,OK,OK,OK,OK
85,MdU.ead.litms.0025.xml,error,error,OK,OK
86,MdU.ead.litms.0026.xml,OK,OK,OK,OK
87,MdU.ead.litms.0027.xml,OK,OK,OK,OK
88,MdU.ead.litms.0028.xml,error,error,OK,OK
89,MdU.ead.litms.0029.xml,error,error,OK,OK
90,MdU.ead.litms.0030.xml,OK,OK,OK,OK
91,MdU.ead.litms.0031.xml,OK,OK,OK,OK
92,MdU.ead.litms.0032.xml,OK,OK,OK,OK
93,MdU.ead.litms.0033.xml,OK,OK,OK,OK
94,MdU.ead.litms.0034.xml,OK,OK,OK,OK
95,MdU.ead.litms.0035.xml,OK,OK,OK,OK
96,MdU.ead.litms.0036.xml,OK,OK,OK,OK
97,MdU.ead.litms.0037.xml,error,error,OK,OK
98,MdU.ead.litms.0038.xml,error,error,OK,OK
99,MdU.ead.litms.0039.xml,OK,OK,OK,OK
100,MdU.ead.litms.0040.xml,OK,OK,OK,OK
101,MdU.ead.litms.0042.xml,OK,OK,OK,OK
102,MdU.ead.litms.0043.xml,OK,OK,OK,OK
103,MdU.ead.litms.0044.xml,error,error,OK,OK
104,MdU.ead.litms.0045.xml,OK,OK,OK,OK
105,MdU.ead.litms.0047.xml,OK,OK,OK,OK
106,MdU.ead.litms.0048.xml,error,error,OK,OK
107,MdU.ead.litms.0049.xml,error,error,OK,OK
108,MdU.ead.litms.0050.xml,error,error,OK,OK
109,MdU.ead.litms.0051.xml,error,error,OK,OK
110,MdU.ead.litms.0052.xml,OK,OK,OK,OK
111,MdU.ead.litms.0053.xml,OK,OK,OK,OK
112,MdU.ead.litms.0054.xml,OK,OK,OK,OK
113,MdU.ead.litms.0055.xml,error,error,OK,OK
114,MdU.ead.litms.0057.xml,OK,OK,OK,OK
115,MdU.ead.litms.0058.xml,OK,OK,OK,OK
116,MdU.ead.litms.0059.xml,error,error,OK,OK
117,MdU.ead.litms.0060.xml,OK,OK,OK,OK
118,MdU.ead.litms.0061.xml,OK,OK,OK,OK
119,MdU.ead.litms.0062.xml,OK,OK,OK,OK
120,MdU.ead.litms.0063.xml,OK,OK,OK,OK
121,MdU.ead.litms.0064.xml,OK,OK,OK,OK
122,MdU.ead.litms.0065.xml,error,error,OK,OK
123,MdU.ead.litms.0066.xml,error,error,OK,OK
124,MdU.ead.litms.0067.xml,OK,OK,OK,OK
125,MdU.ead.litms.0068.xml,error,error,OK,OK
126,MdU.ead.litms.0069.xml,error,error,OK,OK
127,MdU.ead.litms.0070.xml,error,error,OK,OK
128,MdU.ead.litms.0071.xml,OK,OK,OK,OK
129,MdU.ead.litms.0072.xml,error,error,OK,OK
130,MdU.ead.litms.0073.xml,OK,OK,OK,OK
131,MdU.ead.litms.0074.xml,OK,OK,OK,OK
132,MdU.ead.litms.0075.xml,OK,OK,OK,OK
133,MdU.ead.litms.0076.xml,OK,OK,OK,OK
134,MdU.ead.litms.0077.xml,OK,OK,OK,OK
135,MdU.ead.litms.0078.xml,OK,OK,OK,OK
136,MdU.ead.litms.0080.xml,OK,OK,OK,OK
137,MdU.ead.litms.0081.xml,error,error,OK,OK
138,MdU.ead.litms.0082.xml,error,error,OK,OK
139,MdU.ead.litms.0083.xml,OK,OK,OK,OK
140,MdU.ead.litms.0084.xml,error,error,OK,OK
141,MdU.ead.litms.0085.xml,OK,OK,OK,OK
142,MdU.ead.litms.0086.xml,OK,OK,OK,OK
143,MdU.ead.litms.0087.xml,OK,OK,OK,OK
144,MdU.ead.litms.0088.xml,OK,OK,OK,OK
145,MdU.ead.litms.0089.xml,OK,OK,OK,OK
146,MdU.ead.litms.0090.xml,error,error,OK,OK
147,MdU.ead.litms.0091.xml,error,error,OK,OK
148,MdU.ead.litms.0092.xml,error,error,OK,OK
149,MdU.ead.litms.0093.xml,OK,OK,OK,OK
150,MdU.ead.litms.0094.xml,OK,OK,OK,OK
151,MdU.ead.litms.0095.xml,OK,OK,OK,OK
152,MdU.ead.litms.0096.xml,error,error,OK,OK
153,MdU.ead.litms.0097.xml,OK,OK,OK,OK
154,MdU.ead.litms.0098.xml,OK,OK,OK,OK
155,MdU.ead.litms.0099.xml,error,error,OK,OK
156,MdU.ead.rare.0002.xml,error,error,OK,OK
157,MdU.ead.rare.0003.xml,error,error,OK,OK
158,MdU.ead.rare.0004.xml,error,error,OK,OK
159,MdU.ead.rare.0005.xml,OK,OK,OK,OK
160,MdU.ead.rare.0006.xml,error,error,OK,OK
161,MdU.ead.rare.0007.xml,error,error,OK,OK
162,MdU.ead.histms.0001.xml,OK,OK,OK,OK
163,MdU.ead.histms.0002.xml,OK,OK,OK,OK
164,MdU.ead.histms.0003.xml,OK,OK,OK,OK
165,MdU.ead.histms.0004.xml,OK,OK,OK,OK
166,MdU.ead.histms.0005.xml,OK,OK,OK,OK
167,MdU.ead.histms.0006.xml,OK,OK,OK,OK
168,MdU.ead.histms.0007.xml,OK,OK,OK,OK
169,MdU.ead.histms.0008.xml,OK,OK,OK,OK
170,MdU.ead.histms.0009.xml,error,error,OK,OK
171,MdU.ead.histms.0014.xml,OK,OK,OK,OK
172,MdU.ead.histms.0015.xml,OK,OK,OK,OK
173,MdU.ead.histms.0016.xml,OK,OK,OK,OK
174,MdU.ead.histms.0017.xml,error,error,OK,OK
175,MdU.ead.histms.0018.xml,OK,OK,OK,OK
176,MdU.ead.histms.0019.xml,error,error,OK,OK
177,MdU.ead.histms.0020.xml,OK,OK,OK,OK
178,MdU.ead.histms.0021.xml,OK,OK,OK,OK
179,MdU.ead.histms.0022.xml,OK,OK,OK,OK
180,MdU.ead.histms.0023.xml,OK,OK,OK,OK
181,MdU.ead.histms.0024.xml,OK,OK,OK,OK
182,MdU.ead.histms.0025.xml,OK,OK,OK,OK
183,MdU.ead.histms.0026.xml,OK,OK,OK,OK
184,MdU.ead.histms.0027.xml,OK,OK,OK,OK
185,MdU.ead.histms.0028.xml,OK,OK,OK,OK
186,MdU.ead.histms.0029.xml,OK,OK,OK,OK
187,MdU.ead.histms.0030.xml,OK,OK,OK,OK
188,MdU.ead.histms.0031.xml,OK,OK,OK,OK
189,MdU.ead.histms.0032.xml,OK,OK,OK,OK
190,MdU.ead.histms.0033.xml,OK,OK,OK,OK
191,MdU.ead.histms.0035.xml,OK,OK,OK,OK
192,MdU.ead.histms.0036.xml,OK,OK,OK,OK
193,MdU.ead.histms.0037.xml,OK,OK,OK,OK
194,MdU.ead.histms.0038.xml,OK,OK,OK,OK
195,MdU.ead.histms.0039.xml,OK,OK,OK,OK
196,MdU.ead.histms.0040.xml,OK,OK,OK,OK
197,MdU.ead.histms.0041.xml,OK,OK,OK,OK
198,MdU.ead.histms.0042.xml,OK,OK,OK,OK
199,MdU.ead.histms.0043.xml,OK,OK,OK,OK
200,MdU.ead.histms.0044.xml,OK,OK,OK,OK
201,MdU.ead.histms.0045.xml,OK,OK,OK,OK
202,MdU.ead.histms.0046.xml,OK,OK,OK,OK
203,MdU.ead.histms.0047.xml,error,error,OK,OK
204,MdU.ead.histms.0048.xml,OK,OK,OK,OK
205,MdU.ead.histms.0049.xml,OK,OK,OK,OK
206,MdU.ead.histms.0050.xml,OK,OK,OK,OK
207,MdU.ead.histms.0051.xml,OK,OK,OK,OK
208,MdU.ead.histms.0052.xml,OK,OK,OK,OK
209,MdU.ead.histms.0053.xml,OK,OK,OK,OK
210,MdU.ead.histms.0054.xml,OK,OK,OK,OK
211,MdU.ead.histms.0055.xml,OK,OK,OK,OK
212,MdU.ead.histms.0056.xml,OK,OK,OK,OK
213,MdU.ead.histms.0057.xml,OK,OK,OK,OK
214,MdU.ead.histms.0058.xml,OK,OK,OK,OK
215,MdU.ead.histms.0059.xml,error,error,OK,OK
216,MdU.ead.histms.0060.xml,error,error,OK,OK
217,MdU.ead.histms.0061.xml,OK,OK,OK,OK
218,MdU.ead.histms.0062.xml,OK,OK,OK,OK
219,MdU.ead.histms.0063.xml,OK,OK,OK,OK
220,MdU.ead.histms.0064.xml,OK,OK,OK,OK
221,MdU.ead.histms.0065.xml,error,error,OK,OK
222,MdU.ead.histms.0066.xml,OK,OK,OK,OK
223,MdU.ead.histms.0067.xml,OK,OK,OK,OK
224,MdU.ead.histms.0068.xml,OK,OK,OK,OK
225,MdU.ead.histms.0069.xml,OK,OK,OK,OK
226,MdU.ead.histms.0070.xml,OK,OK,OK,OK
227,MdU.ead.histms.0071.xml,OK,OK,OK,OK
228,MdU.ead.histms.0072.xml,OK,OK,OK,OK
229,MdU.ead.histms.0073.xml,OK,OK,OK,OK
230,MdU.ead.histms.0074.xml,OK,OK,OK,OK
231,MdU.ead.histms.0075.xml,OK,OK,OK,OK
232,MdU.ead.histms.0076.xml,OK,OK,OK,OK
233,MdU.ead.histms.0077.xml,OK,OK,OK,OK
234,MdU.ead.histms.0078.xml,OK,OK,OK,OK
235,MdU.ead.histms.0079.xml,OK,OK,OK,OK
236,MdU.ead.histms.0080.xml,error,error,OK,OK
237,MdU.ead.histms.0081.xml,OK,OK,OK,OK
238,MdU.ead.histms.0082.xml,OK,OK,OK,OK
239,MdU.ead.histms.0083.xml,OK,OK,OK,OK
240,MdU.ead.histms.0084.xml,OK,OK,OK,OK
241,MdU.ead.histms.0086.xml,OK,OK,OK,OK
242,MdU.ead.histms.0087.xml,OK,OK,OK,OK
243,MdU.ead.histms.0088.xml,error,error,OK,OK
244,MdU.ead.histms.0089.xml,OK,OK,OK,OK
245,MdU.ead.histms.0090.xml,OK,OK,OK,OK
246,MdU.ead.histms.0091.xml,OK,OK,OK,OK
247,MdU.ead.histms.0092.xml,error,error,OK,OK
248,MdU.ead.histms.0093.xml,OK,OK,OK,OK
249,MdU.ead.histms.0094.xml,OK,OK,OK,OK
250,MdU.ead.histms.0095.xml,OK,OK,OK,OK
251,MdU.ead.histms.0096.xml,OK,OK,OK,OK
252,MdU.ead.histms.0097.xml,OK,OK,OK,OK
253,MdU.ead.histms.0098.xml,error,error,OK,OK
254,MdU.ead.histms.0099.xml,OK,OK,OK,OK
255,MdU.ead.histms.0100.xml,OK,OK,OK,OK
256,MdU.ead.histms.0101.xml,OK,OK,OK,OK
257,MdU.ead.histms.0102.xml,OK,OK,OK,OK
258,MdU.ead.histms.0103.xml,OK,OK,OK,OK
259,MdU.ead.histms.0104.xml,OK,OK,OK,OK
260,MdU.ead.histms.0105.xml,error,error,OK,OK
261,MdU.ead.histms.0106.xml,OK,OK,OK,OK
262,MdU.ead.histms.0107.xml,OK,OK,OK,OK
263,MdU.ead.histms.0108.xml,OK,OK,OK,OK
264,MdU.ead.histms.0109.xml,OK,OK,OK,OK
265,MdU.ead.histms.0110.xml,OK,OK,OK,OK
266,MdU.ead.histms.0111.xml,OK,OK,OK,OK
267,MdU.ead.histms.0112.xml,OK,OK,OK,OK
268,MdU.ead.histms.0113.xml,OK,OK,OK,OK
269,MdU.ead.histms.0114.xml,OK,OK,OK,OK
270,MdU.ead.histms.0116.xml,OK,OK,OK,OK
271,MdU.ead.histms.0117.xml,OK,OK,OK,OK
272,MdU.ead.histms.0118.xml,OK,OK,OK,OK
273,MdU.ead.histms.0119.xml,OK,OK,OK,OK
274,MdU.ead.histms.0120.xml,OK,OK,OK,OK
275,MdU.ead.histms.0121.xml,OK,OK,OK,OK
276,MdU.ead.histms.0122.xml,OK,OK,OK,OK
277,MdU.ead.histms.0123.xml,OK,OK,OK,OK
278,MdU.ead.histms.0124.xml,error,error,OK,OK
279,MdU.ead.histms.0125.xml,OK,OK,OK,OK
280,MdU.ead.histms.0126.xml,error,error,OK,OK
281,MdU.ead.histms.0127.xml,OK,OK,OK,OK
282,MdU.ead.histms.0128.xml,OK,OK,OK,OK
283,MdU.ead.histms.0129.xml,error,error,OK,OK
284,MdU.ead.histms.0130.xml,OK,OK,OK,OK
285,MdU.ead.histms.0131.xml,OK,OK,OK,OK
286,MdU.ead.histms.0132.xml,OK,OK,OK,OK
287,MdU.ead.histms.0133.xml,OK,OK,OK,OK
288,MdU.ead.histms.0134.xml,OK,OK,OK,OK
289,MdU.ead.histms.0135.xml,OK,OK,OK,OK
290,MdU.ead.histms.0136.xml,OK,OK,OK,OK
291,MdU.ead.histms.0137.xml,OK,OK,OK,OK
292,MdU.ead.histms.0138.xml,OK,OK,OK,OK
293,MdU.ead.histms.0139.xml,OK,OK,OK,OK
294,MdU.ead.histms.0140.xml,error,error,OK,OK
295,MdU.ead.histms.0141.xml,OK,OK,OK,OK
296,MdU.ead.histms.0142.xml,OK,OK,OK,OK
297,MdU.ead.histms.0143.xml,error,error,OK,OK
298,MdU.ead.histms.0144.xml,OK,OK,OK,OK
299,MdU.ead.histms.0145.xml,OK,OK,OK,OK
300,MdU.ead.histms.0146.xml,OK,OK,OK,OK
301,MdU.ead.histms.0147.xml,error,error,OK,OK
302,MdU.ead.histms.0148.xml,OK,OK,OK,OK
303,MdU.ead.histms.0149.xml,OK,OK,OK,OK
304,MdU.ead.histms.0150.xml,OK,OK,OK,OK
305,MdU.ead.histms.0151.xml,OK,OK,OK,OK
306,MdU.ead.histms.0152.xml,OK,OK,OK,OK
307,MdU.ead.histms.0153.xml,OK,OK,OK,OK
308,MdU.ead.histms.0154.xml,OK,OK,OK,OK
309,MdU.ead.histms.0155.xml,OK,OK,OK,OK
310,MdU.ead.histms.0156.xml,error,error,OK,OK
311,MdU.ead.histms.0157.xml,OK,OK,OK,OK
312,MdU.ead.histms.0158.xml,OK,OK,OK,OK
313,MdU.ead.histms.0159.xml,OK,OK,OK,OK
314,MdU.ead.histms.0160.xml,error,error,OK,OK
315,MdU.ead.histms.0161.xml,OK,OK,OK,OK
316,MdU.ead.histms.0162.xml,OK,OK,OK,OK
317,MdU.ead.histms.0163.xml,OK,OK,OK,OK
318,MdU.ead.histms.0164.xml,OK,OK,OK,OK
319,MdU.ead.histms.0165.xml,OK,OK,OK,OK
320,MdU.ead.histms.0166.xml,OK,OK,OK,OK
321,MdU.ead.histms.0167.xml,OK,OK,OK,OK
322,MdU.ead.histms.0168.xml,OK,OK,OK,OK
323,MdU.ead.histms.0169.xml,OK,OK,OK,OK
324,MdU.ead.histms.0170.xml,OK,OK,OK,OK
325,MdU.ead.histms.0171.xml,OK,OK,OK,OK
326,MdU.ead.histms.0172.xml,OK,OK,OK,OK
327,MdU.ead.histms.0173.xml,OK,OK,OK,OK
328,MdU.ead.histms.0174.xml,error,error,OK,OK
329,MdU.ead.histms.0175.xml,OK,OK,OK,OK
330,MdU.ead.histms.0176.xml,error,error,OK,OK
331,MdU.ead.histms.0177.xml,error,error,OK,OK
332,MdU.ead.histms.0178.xml,OK,OK,OK,OK
333,MdU.ead.histms.0179.xml,OK,OK,OK,OK
334,MdU.ead.histms.0180.xml,error,error,OK,OK
335,MdU.ead.histms.0181.xml,OK,OK,OK,OK
336,MdU.ead.histms.0182.xml,OK,OK,OK,OK
337,MdU.ead.histms.0183.xml,OK,OK,OK,OK
338,MdU.ead.histms.0184.xml,OK,OK,OK,OK
339,MdU.ead.histms.0185.xml,OK,OK,OK,OK
340,MdU.ead.histms.0186.xml,OK,OK,OK,OK
341,MdU.ead.histms.0187.xml,error,error,OK,OK
342,MdU.ead.histms.0188.xml,error,error,OK,OK
343,MdU.ead.histms.0189.xml,OK,OK,OK,OK
344,MdU.ead.histms.0190.xml,OK,OK,OK,OK
345,MdU.ead.histms.0191.xml,OK,OK,OK,OK
346,MdU.ead.histms.0192.xml,OK,OK,OK,OK
347,MdU.ead.histms.0193.xml,error,error,OK,OK
348,MdU.ead.histms.0194.xml,error,error,OK,OK
349,MdU.ead.histms.0195.xml,OK,OK,OK,OK
350,MdU.ead.histms.0196.xml,OK,OK,OK,OK
351,MdU.ead.histms.0197.xml,OK,OK,OK,OK
352,MdU.ead.histms.0198.xml,OK,OK,OK,OK
353,MdU.ead.histms.0199.xml,OK,OK,OK,OK
354,MdU.ead.histms.0200.xml,OK,OK,OK,OK
355,MdU.ead.histms.0201.xml,OK,OK,OK,OK
356,MdU.ead.histms.0202.xml,OK,OK,OK,OK
357,MdU.ead.histms.0203.xml,OK,OK,OK,OK
358,MdU.ead.histms.0204.xml,OK,OK,OK,OK
359,MdU.ead.histms.0205.xml,OK,OK,OK,OK
360,MdU.ead.histms.0206.xml,OK,OK,OK,OK
361,MdU.ead.histms.0207.xml,error,error,OK,OK
362,MdU.ead.histms.0208.xml,OK,OK,OK,OK
363,MdU.ead.histms.0209.xml,OK,OK,OK,OK
364,MdU.ead.histms.0210.xml,OK,OK,OK,OK
365,MdU.ead.histms.0211.xml,OK,OK,OK,OK
366,MdU.ead.histms.0212.xml,OK,OK,OK,OK
367,MdU.ead.histms.0213.xml,OK,OK,OK,OK
368,MdU.ead.histms.0214.xml,OK,OK,OK,OK
369,MdU.ead.histms.0215.xml,OK,OK,OK,OK
370,MdU.ead.histms.0216.xml,OK,OK,OK,OK
371,MdU.ead.histms.0217.xml,OK,OK,OK,OK
372,MdU.ead.histms.0218.xml,OK,OK,OK,OK
373,MdU.ead.histms.0219.xml,OK,OK,OK,OK
374,MdU.ead.histms.0220.xml,OK,OK,OK,OK
375,MdU.ead.histms.0221.xml,OK,OK,OK,OK
376,MdU.ead.histms.0222.xml,OK,OK,OK,OK
377,MdU.ead.histms.0223.xml,OK,OK,OK,OK
378,MdU.ead.histms.0224.xml,OK,OK,OK,OK
379,MdU.ead.histms.0225.xml,OK,OK,OK,OK
380,MdU.ead.histms.0226.xml,error,error,OK,OK
381,MdU.ead.histms.0227.xml,OK,OK,OK,OK
382,MdU.ead.histms.0228.xml,OK,OK,OK,OK
383,MdU.ead.histms.0229.xml,OK,OK,OK,OK
384,MdU.ead.histms.0230.xml,error,error,OK,OK
385,MdU.ead.histms.0231.xml,OK,OK,OK,OK
386,MdU.ead.histms.0232.xml,OK,OK,OK,OK
387,MdU.ead.histms.0233.xml,OK,OK,OK,OK
388,MdU.ead.histms.0234.xml,OK,OK,OK,OK
389,MdU.ead.histms.0235.xml,OK,OK,OK,OK
390,MdU.ead.histms.0236.xml,OK,OK,OK,OK
391,MdU.ead.histms.0237.xml,OK,OK,OK,OK
392,MdU.ead.histms.0238.xml,OK,OK,OK,OK
393,MdU.ead.histms.0239.xml,OK,OK,OK,OK
394,MdU.ead.histms.0240.xml,OK,OK,OK,OK
395,MdU.ead.histms.0241.xml,OK,OK,OK,OK
396,MdU.ead.histms.0242.xml,OK,OK,OK,OK
397,MdU.ead.histms.0243.xml,error,error,OK,OK
398,MdU.ead.histms.0244.xml,OK,OK,OK,OK
399,MdU.ead.histms.0245.xml,error,error,OK,OK
400,MdU.ead.histms.0246.xml,OK,OK,OK,OK
401,MdU.ead.histms.0247.xml,error,error,OK,OK
402,MdU.ead.histms.0248.xml,error,error,OK,OK
403,MdU.ead.histms.0249.xml,error,error,OK,OK
404,MdU.ead.histms.0250.xml,OK,OK,OK,OK
405,MdU.ead.histms.0251.xml,OK,OK,OK,OK
406,MdU.ead.histms.0252.xml,OK,OK,OK,OK
407,MdU.ead.histms.0253.xml,error,error,OK,OK
408,MdU.ead.histms.0254.xml,OK,OK,OK,OK
409,MdU.ead.histms.0255.xml,OK,OK,OK,OK
410,MdU.ead.histms.0256.xml,OK,OK,OK,OK
411,MdU.ead.histms.0257.xml,OK,OK,OK,OK
412,MdU.ead.histms.0258.xml,OK,OK,OK,OK
413,MdU.ead.histms.0259.xml,OK,OK,OK,OK
414,MdU.ead.histms.0260.xml,OK,OK,OK,OK
415,MdU.ead.histms.0261.xml,OK,OK,OK,OK
416,MdU.ead.histms.0262.xml,OK,OK,OK,OK
417,MdU.ead.histms.0263.xml,OK,OK,OK,OK
418,MdU.ead.histms.0264.xml,OK,OK,OK,OK
419,MdU.ead.histms.0265.xml,error,error,OK,OK
420,MdU.ead.histms.0266.xml,OK,OK,OK,OK
421,MdU.ead.histms.0267.xml,error,error,OK,OK
422,MdU.ead.histms.0268.xml,OK,OK,OK,OK
423,MdU.ead.histms.0269.xml,error,error,OK,OK
424,MdU.ead.histms.0270.xml,OK,OK,OK,OK
425,MdU.ead.histms.0271.xml,error,error,OK,OK
426,MdU.ead.histms.0272.xml,OK,OK,OK,OK
427,MdU.ead.histms.0273.xml,error,error,OK,OK
428,MdU.ead.histms.0274.xml,error,error,OK,OK
429,MdU.ead.histms.0275.xml,OK,OK,OK,OK
430,MdU.ead.histms.0276.xml,OK,OK,OK,OK
431,MdU.ead.histms.0277.xml,OK,OK,OK,OK
432,MdU.ead.histms.0278.xml,OK,OK,OK,OK
433,MdU.ead.histms.0279.xml,OK,OK,OK,OK
434,MdU.ead.histms.0280.xml,OK,OK,OK,OK
435,MdU.ead.histms.0281.xml,OK,OK,OK,OK
436,MdU.ead.histms.0283.xml,OK,OK,OK,OK
437,MdU.ead.histms.0284.xml,OK,OK,OK,OK
438,MdU.ead.histms.0285.xml,OK,OK,OK,OK
439,MdU.ead.histms.0286.xml,OK,OK,OK,OK
440,MdU.ead.histms.0287.xml,OK,OK,OK,OK
441,MdU.ead.histms.0288.xml,error,error,OK,OK
442,MdU.ead.histms.0289.xml,OK,OK,OK,OK
443,MdU.ead.histms.0290.xml,OK,OK,OK,OK
444,MdU.ead.histms.0291.xml,OK,OK,OK,OK
445,MdU.ead.histms.0292.xml,OK,OK,OK,OK
446,MdU.ead.histms.0293.xml,OK,OK,OK,OK
447,MdU.ead.histms.0294.xml,error,error,OK,OK
448,MdU.ead.histms.0295.xml,OK,OK,OK,OK
449,MdU.ead.histms.0297.xml,OK,OK,OK,OK
450,MdU.ead.histms.0298.xml,OK,OK,OK,OK
451,MdU.ead.histms.0299.xml,error,error,OK,OK
452,MdU.ead.histms.0300.xml,OK,OK,OK,OK
453,MdU.ead.histms.0301.xml,OK,OK,OK,OK
454,MdU.ead.histms.0302.xml,OK,OK,OK,OK
455,MdU.ead.histms.0303.xml,OK,OK,OK,OK
456,MdU.ead.histms.0304.xml,OK,OK,OK,OK
457,MdU.ead.histms.0305.xml,OK,OK,OK,OK
458,MdU.ead.histms.0306.xml,OK,OK,OK,OK
459,MdU.ead.histms.0307.xml,OK,OK,OK,OK
460,MdU.ead.histms.0308.xml,OK,OK,OK,OK
461,MdU.ead.histms.0309.xml,OK,OK,OK,OK
462,MdU.ead.histms.0310.xml,OK,OK,OK,OK
463,MdU.ead.histms.0311.xml,OK,OK,OK,OK
464,MdU.ead.histms.0312.xml,error,error,OK,OK
465,MdU.ead.histms.0313.xml,error,error,OK,OK
466,MdU.ead.histms.0314.xml,OK,OK,OK,OK
467,MdU.ead.histms.0315.xml,OK,OK,OK,OK
468,MdU.ead.histms.0316.xml,OK,OK,OK,OK
469,MdU.ead.histms.0317.xml,OK,OK,OK,OK
470,MdU.ead.histms.0318.xml,OK,OK,OK,OK
471,MdU.ead.histms.0319.xml,error,error,OK,OK
472,MdU.ead.histms.0320.xml,OK,OK,OK,OK
473,MdU.ead.histms.0321.xml,OK,OK,OK,OK
474,MdU.ead.histms.0322.xml,OK,OK,OK,OK
475,MdU.ead.histms.0323.xml,OK,OK,OK,OK
476,MdU.ead.histms.0324.xml,OK,OK,OK,OK
477,MdU.ead.histms.0326.xml,OK,OK,OK,OK
478,MdU.ead.histms.0327.xml,error,error,OK,OK
479,MdU.ead.histms.0328.xml,OK,OK,OK,OK
480,MdU.ead.histms.0329.xml,OK,OK,OK,OK
481,MdU.ead.histms.0330.xml,OK,OK,OK,OK
482,MdU.ead.histms.0331.xml,OK,OK,OK,OK
483,MdU.ead.histms.0332.xml,error,error,OK,OK
484,MdU.ead.histms.0333.xml,OK,OK,OK,OK
485,MdU.ead.histms.0334.xml,OK,OK,OK,OK
486,MdU.ead.histms.0335.xml,OK,OK,OK,OK
487,MdU.ead.histms.0336.xml,OK,OK,OK,OK
488,MdU.ead.histms.0337.xml,OK,OK,OK,OK
489,MdU.ead.histms.0338.xml,OK,OK,OK,OK
490,MdU.ead.histms.0339.xml,error,error,OK,OK
491,MdU.ead.histms.0340.xml,OK,OK,OK,OK
492,MdU.ead.histms.0341.xml,OK,OK,OK,OK
493,MdU.ead.histms.0342.xml,OK,OK,OK,OK
494,MdU.ead.histms.0344.xml,OK,OK,OK,OK
495,MdU.ead.histms.0345.xml,OK,OK,OK,OK
496,MdU.ead.histms.0346.xml,OK,OK,OK,OK
497,MdU.ead.histms.0347.xml,OK,OK,OK,OK
498,MdU.ead.histms.0348.xml,error,error,OK,OK
499,MdU.ead.histms.0349.xml,OK,OK,OK,OK
500,MdU.ead.histms.0350.xml,OK,OK,OK,OK
501,MdU.ead.histms.0351.xml,OK,OK,OK,OK
502,MdU.ead.histms.0352.xml,OK,OK,OK,OK
503,MdU.ead.histms.0353.xml,OK,OK,OK,OK
504,MdU.ead.histms.0354.xml,error,error,OK,OK
505,MdU.ead.histms.0355.xml,error,error,OK,OK
506,MdU.ead.histms.0356.xml,error,error,OK,OK
507,MdU.ead.histms.0357.xml,error,error,OK,OK
508,MdU.ead.histms.0359.xml,error,error,OK,OK
509,MdU.ead.histms.0360.xml,OK,OK,OK,OK
510,MdU.ead.histms.0361.xml,error,error,OK,OK
511,MdU.ead.mdia.0001.xml,OK,OK,OK,OK
512,MdU.ead.mdia.0002.xml,OK,OK,OK,OK
513,MdU.ead.mdia.0003.xml,error,error,OK,OK
514,MdU.ead.ntl.0001.xml,OK,OK,OK,OK
515,MdU.ead.ntl.0002.xml,OK,OK,OK,OK
516,MdU.ead.ntl.0003.xml,OK,OK,OK,OK
517,MdU.ead.ntl.0004.xml,OK,OK,OK,OK
518,MdU.ead.ntl.0005.xml,error,error,OK,OK
519,MdU.ead.ntl.0006.xml,OK,OK,OK,OK
520,MdU.ead.ntl.0007.xml,error,error,OK,OK
521,MdU.ead.worldsfair.0001.xml,error,error,OK,OK
522,MdU.ead.hbkspec.0001.xml,OK,OK,OK,OK
523,MdU.ead.hbkspec.0002.xml,OK,OK,OK,OK
524,MdU.ead.hbkspec.0004.xml,OK,OK,OK,OK
525,MdU.ead.hbkspec.0006.xml,error,error,OK,OK
526,MdU.ead.hbkspec.0007.xml,OK,OK,OK,OK
527,MdU.ead.hbkspec.0008.xml,OK,OK,OK,OK
528,MdU.ead.hbkspec.0009.xml,OK,OK,OK,OK
529,MdU.ead.hbkspec.0012.xml,error,error,OK,OK
530,MdU.ead.hbkspec.0015.xml,OK,OK,OK,OK
531,MdU.ead.hbkspec.0016.xml,OK,OK,OK,OK
532,MdU.ead.hbkspec.0017.xml,error,error,OK,OK
533,MdU.ead.hbkspec.0018.xml,error,error,OK,OK
534,MdU.ead.hbkspec.0019.xml,error,error,OK,OK
535,MdU.ead.hbkspec.0025.xml,OK,OK,OK,OK
536,MdU.ead.hbkspec.0026.xml,OK,OK,OK,OK
537,MdU.ead.hbkspec.0027.xml,error,error,OK,OK
538,MdU.ead.hbkspec.0028.xml,OK,OK,OK,OK
539,MdU.ead.hbkspec.0029.xml,OK,OK,OK,OK
540,MdU.ead.hbkspec.0030.xml,OK,OK,OK,OK
541,MdU.ead.hbkspec.0031.xml,error,error,OK,OK
542,MdU.ead.hbkspec.0032.xml,error,error,OK,OK
543,MdU.ead.hbkspec.0035.xml,OK,OK,OK,OK
544,MdU.ead.hbkspec.0087.xml,OK,OK,OK,OK
545,MdU.ead.lab.0001.xml,OK,OK,OK,OK
546,MdU.ead.lab.0002.xml,OK,OK,OK,OK
547,MdU.ead.lab.0003.xml,OK,OK,OK,OK
548,MdU.ead.lab.0004.xml,OK,OK,OK,OK
549,MdU.ead.lab.0005.xml,OK,OK,OK,OK
550,MdU.ead.lab.0006.xml,OK,OK,OK,OK
551,MdU.ead.lab.0007.xml,OK,OK,OK,OK
552,MdU.ead.lab.0008.xml,OK,OK,OK,OK
553,MdU.ead.lab.0009.xml,OK,OK,OK,OK
554,MdU.ead.lab.0010.xml,error,error,OK,OK
555,MdU.ead.lab.0011.xml,error,error,OK,OK
556,MdU.ead.lab.0012.xml,OK,OK,OK,OK
557,MdU.ead.lab.0013.xml,OK,OK,OK,OK
558,MdU.ead.lab.0014.xml,OK,OK,OK,OK
559,MdU.ead.lab.0015.xml,error,error,OK,OK
560,MdU.ead.lab.0016.xml,OK,OK,OK,OK
561,MdU.ead.lab.0017.xml,OK,OK,OK,OK
562,MdU.ead.lab.0018.xml,OK,OK,OK,OK
563,MdU.ead.lab.0019.xml,error,error,OK,OK
564,MdU.ead.lab.0020.xml,OK,OK,OK,OK
565,MdU.ead.lab.0021.xml,OK,OK,OK,OK
566,MdU.ead.lab.0022.xml,OK,OK,OK,OK
567,MdU.ead.lab.0023.xml,OK,OK,OK,OK
568,MdU.ead.lab.0024.xml,error,error,OK,OK
569,MdU.ead.lab.0025.xml,error,error,OK,OK
570,MdU.ead.lab.0026.xml,error,error,OK,OK
571,MdU.ead.lab.0027.xml,error,error,OK,OK
572,MdU.ead.lab.0028.xml,OK,OK,OK,OK
573,MdU.ead.lab.0029.xml,OK,OK,OK,OK
574,MdU.ead.lab.0030.xml,OK,OK,OK,OK
575,MdU.ead.lab.0031.xml,error,error,OK,OK
576,MdU.ead.lab.0032.xml,OK,OK,OK,OK
577,MdU.ead.lab.0033.xml,error,error,OK,OK
578,MdU.ead.lab.0034.xml,OK,OK,OK,OK
579,MdU.ead.lab.0035.xml,error,error,OK,OK
580,MdU.ead.lab.0036.xml,error,error,OK,OK
581,MdU.ead.lab.0038.xml,error,error,OK,OK
582,MdU.ead.lab.0039.xml,error,error,OK,OK
583,MdU.ead.lab.0040.xml,error,error,OK,OK
584,MdU.ead.lab.0041.xml,error,error,OK,OK
585,MdU.ead.lab.0042.xml,OK,OK,OK,OK
586,MdU.ead.lab.0043.xml,error,error,OK,OK
587,MdU.ead.lab.0044.xml,error,error,OK,OK
588,MdU.ead.lab.0045.xml,OK,OK,OK,OK
589,MdU.ead.lab.0046.xml,OK,OK,OK,OK
590,MdU.ead.lab.0047.xml,error,error,OK,OK
591,MdU.ead.lab.0048.xml,OK,OK,OK,OK
592,MdU.ead.lab.0049.xml,error,error,OK,OK
593,MdU.ead.lab.0050.xml,OK,OK,OK,OK
594,MdU.ead.lab.0051.xml,error,error,OK,OK
595,MdU.ead.lab.0052.xml,error,error,OK,OK
596,MdU.ead.lab.0053.xml,OK,OK,OK,OK
597,MdU.ead.npba.0001.xml,OK,OK,OK,OK
598,MdU.ead.npba.0002.xml,OK,OK,OK,OK
599,MdU.ead.npba.0003.xml,OK,OK,OK,OK
600,MdU.ead.npba.0004.xml,OK,OK,OK,OK
601,MdU.ead.npba.0005.xml,OK,OK,OK,OK
602,MdU.ead.npba.0006.xml,OK,OK,OK,OK
603,MdU.ead.npba.0007.xml,OK,OK,OK,OK
604,MdU.ead.npba.0008.xml,error,error,OK,OK
605,MdU.ead.npba.0009.xml,OK,OK,OK,OK
606,MdU.ead.npba.0010.xml,OK,OK,OK,OK
607,MdU.ead.npba.0011.xml,OK,OK,OK,OK
608,MdU.ead.npba.0012.xml,OK,OK,OK,OK
609,MdU.ead.npba.0013.xml,OK,OK,OK,OK
610,MdU.ead.npba.0014.xml,OK,OK,OK,OK
611,MdU.ead.npba.0015.xml,OK,OK,OK,OK
612,MdU.ead.npba.0016.xml,OK,OK,OK,OK
613,MdU.ead.npba.0017.xml,OK,OK,OK,OK
614,MdU.ead.npba.0018.xml,OK,OK,OK,OK
615,MdU.ead.npba.0019.xml,error,error,OK,OK
616,MdU.ead.npba.0020.xml,OK,OK,OK,OK
617,MdU.ead.npba.0021.xml,OK,OK,OK,OK
618,MdU.ead.npba.0022.xml,OK,OK,OK,OK
619,MdU.ead.npba.0023.xml,OK,OK,OK,OK
620,MdU.ead.npba.0024.xml,OK,OK,OK,OK
621,MdU.ead.npba.0025.xml,OK,OK,OK,OK
622,MdU.ead.npba.0026.xml,OK,OK,OK,OK
623,MdU.ead.npba.0027.xml,OK,OK,OK,OK
624,MdU.ead.npba.0028.xml,OK,OK,OK,OK
625,MdU.ead.npba.0029.xml,OK,OK,OK,OK
626,MdU.ead.npba.0030.xml,OK,OK,OK,OK
627,MdU.ead.npba.0031.xml,OK,OK,OK,OK
628,MdU.ead.npba.0032.xml,OK,OK,OK,OK
629,MdU.ead.npba.0033.xml,error,error,OK,OK
630,MdU.ead.npba.0034.xml,OK,OK,OK,OK
631,MdU.ead.npba.0035.xml,OK,OK,OK,OK
632,MdU.ead.npba.0036.xml,OK,OK,OK,OK
633,MdU.ead.npba.0037.xml,OK,OK,OK,OK
634,MdU.ead.npba.0038.xml,OK,OK,OK,OK
635,MdU.ead.npba.0039.xml,OK,OK,OK,OK
636,MdU.ead.npba.0040.xml,OK,OK,OK,OK
637,MdU.ead.npba.0041.xml,OK,OK,OK,OK
638,MdU.ead.npba.0042.xml,OK,OK,OK,OK
639,MdU.ead.npba.0043.xml,OK,OK,OK,OK
640,MdU.ead.npba.0044.xml,error,error,OK,OK
641,MdU.ead.npba.0045.xml,error,error,OK,OK
642,MdU.ead.npba.0046.xml,OK,OK,OK,OK
643,MdU.ead.npba.0047.xml,error,error,OK,OK
644,MdU.ead.npba.0048.xml,OK,OK,OK,OK
645,MdU.ead.npba.0049.xml,OK,OK,OK,OK
646,MdU.ead.npba.0050.xml,OK,OK,OK,OK
647,MdU.ead.npba.0051.xml,OK,OK,OK,OK
648,MdU.ead.npba.0052.xml,OK,OK,OK,OK
649,MdU.ead.npba.0053.xml,OK,OK,OK,OK
650,MdU.ead.npba.0054.xml,OK,OK,OK,OK
651,MdU.ead.npba.0055.xml,error,error,OK,OK
652,MdU.ead.npba.0056.xml,OK,OK,OK,OK
653,MdU.ead.npba.0057.xml,OK,OK,OK,OK
654,MdU.ead.npba.0058.xml,OK,OK,OK,OK
655,MdU.ead.npba.0059.xml,OK,OK,OK,OK
656,MdU.ead.npba.0060.xml,OK,OK,OK,OK
657,MdU.ead.npba.0061.xml,OK,OK,OK,OK
658,MdU.ead.npba.0062.xml,OK,OK,OK,OK
659,MdU.ead.npba.0063.xml,OK,OK,OK,OK
660,MdU.ead.npba.0064.xml,OK,OK,OK,OK
661,MdU.ead.npba.0065.xml,OK,OK,OK,OK
662,MdU.ead.npba.0066.xml,OK,OK,OK,OK
663,MdU.ead.npba.0067.xml,OK,OK,OK,OK
664,MdU.ead.npba.0068.xml,OK,OK,OK,OK
665,MdU.ead.npba.0069.xml,OK,OK,OK,OK
666,MdU.ead.npba.0070.xml,OK,OK,OK,OK
667,MdU.ead.npba.0071.xml,error,error,OK,OK
668,MdU.ead.npba.0072.xml,OK,OK,OK,OK
669,MdU.ead.npba.0073.xml,error,error,OK,OK
670,MdU.ead.npba.0074.xml,error,error,OK,OK
671,MdU.ead.npba.0075.xml,error,error,OK,OK
672,MdU.ead.npba.0076.xml,error,error,OK,OK
673,MdU.ead.npba.0077.xml,OK,OK,OK,OK
674,MdU.ead.npba.0078.xml,error,error,OK,OK
675,MdU.ead.npba.0079.xml,OK,OK,OK,OK
676,MdU.ead.npba.0080.xml,error,error,OK,OK
677,MdU.ead.npba.0081.xml,OK,OK,OK,OK
678,MdU.ead.npba.0082.xml,OK,OK,OK,OK
679,MdU.ead.npba.0083.xml,OK,OK,OK,OK
680,MdU.ead.npba.0084.xml,OK,OK,OK,OK
681,MdU.ead.npba.0085.xml,OK,OK,OK,OK
682,MdU.ead.npba.0086.xml,OK,OK,OK,OK
683,MdU.ead.npba.0087.xml,OK,OK,OK,OK
684,MdU.ead.npba.0088.xml,error,error,OK,OK
685,MdU.ead.npba.0089.xml,error,error,OK,OK
686,MdU.ead.npba.0090.xml,OK,OK,OK,OK
687,MdU.ead.npba.0091.xml,error,error,OK,OK
688,MdU.ead.npba.0092.xml,OK,OK,OK,OK
689,MdU.ead.npba.0093.xml,error,error,OK,OK
690,MdU.ead.npba.0094.xml,error,error,OK,OK
691,MdU.ead.npba.0095.xml,OK,OK,OK,OK
692,MdU.ead.npba.0096.xml,error,error,OK,OK
693,MdU.ead.npba.0098.xml,OK,OK,OK,OK
694,MdU.ead.npba.0099.xml,OK,OK,OK,OK
695,MdU.ead.npba.0100.xml,error,error,OK,OK
696,MdU.ead.npba.0101.xml,OK,OK,OK,OK
697,MdU.ead.npba.0102.xml,error,error,OK,OK
698,MdU.ead.npba.0103.xml,OK,OK,OK,OK
699,MdU.ead.npba.0104.xml,error,error,OK,OK
700,MdU.ead.scpa.0104.xml,error,error,OK,OK
701,MdU.ead.hbkspec.0001.xml,OK,OK,OK,OK
702,MdU.ead.hbkspec.0002.xml,OK,OK,OK,OK
703,MdU.ead.hbkspec.0004.xml,OK,OK,OK,OK
704,MdU.ead.hbkspec.0006.xml,OK,OK,OK,OK
705,MdU.ead.hbkspec.0007.xml,OK,OK,OK,OK
706,MdU.ead.hbkspec.0008.xml,OK,OK,OK,OK
707,MdU.ead.hbkspec.0009.xml,OK,OK,OK,OK
708,MdU.ead.hbkspec.0012.xml,OK,OK,OK,OK
709,MdU.ead.hbkspec.0015.xml,OK,OK,OK,OK
710,MdU.ead.hbkspec.0016.xml,OK,OK,OK,OK
711,MdU.ead.hbkspec.0017.xml,OK,OK,OK,OK
712,MdU.ead.hbkspec.0018.xml,OK,OK,OK,OK
713,MdU.ead.hbkspec.0019.xml,OK,OK,OK,OK
714,MdU.ead.hbkspec.0025.xml,OK,OK,OK,OK
715,MdU.ead.hbkspec.0026.xml,OK,OK,OK,OK
716,MdU.ead.hbkspec.0027.xml,OK,OK,OK,OK
717,MdU.ead.hbkspec.0028.xml,OK,OK,OK,OK
718,MdU.ead.hbkspec.0029.xml,OK,OK,OK,OK
719,MdU.ead.hbkspec.0030.xml,OK,OK,OK,OK
720,MdU.ead.hbkspec.0031.xml,OK,OK,OK,OK
721,MdU.ead.hbkspec.0032.xml,OK,OK,OK,OK
722,MdU.ead.hbkspec.0035.xml,OK,OK,OK,OK
723,MdU.ead.hbkspec.0087.xml,OK,OK,OK,OK
724,MdU.ead.lab.0001.xml,OK,OK,OK,OK
725,MdU.ead.lab.0002.xml,OK,OK,OK,OK
726,MdU.ead.lab.0003.xml,OK,OK,OK,OK
727,MdU.ead.lab.0004.xml,OK,OK,OK,OK
728,MdU.ead.lab.0005.xml,OK,OK,OK,OK
729,MdU.ead.lab.0006.xml,OK,OK,OK,OK
730,MdU.ead.lab.0007.xml,OK,OK,OK,OK
731,MdU.ead.lab.0008.xml,OK,OK,OK,OK
732,MdU.ead.lab.0009.xml,OK,OK,OK,OK
733,MdU.ead.lab.0010.xml,OK,OK,OK,OK
734,MdU.ead.lab.0011.xml,OK,OK,OK,OK
735,MdU.ead.lab.0012.xml,OK,OK,OK,OK
736,MdU.ead.lab.0013.xml,OK,OK,OK,OK
737,MdU.ead.lab.0014.xml,OK,OK,OK,OK
738,MdU.ead.lab.0015.xml,OK,OK,OK,OK
739,MdU.ead.lab.0016.xml,OK,OK,OK,OK
740,MdU.ead.lab.0017.xml,OK,OK,OK,OK
741,MdU.ead.lab.0018.xml,OK,OK,OK,OK
742,MdU.ead.lab.0019.xml,OK,OK,OK,OK
743,MdU.ead.lab.0020.xml,OK,OK,OK,OK
744,MdU.ead.lab.0021.xml,OK,OK,OK,OK
745,MdU.ead.lab.0022.xml,OK,OK,OK,OK
746,MdU.ead.lab.0023.xml,OK,OK,OK,OK
747,MdU.ead.lab.0024.xml,OK,OK,OK,OK
748,MdU.ead.lab.0025.xml,OK,OK,OK,OK
749,MdU.ead.lab.0026.xml,OK,OK,OK,OK
750,MdU.ead.lab.0027.xml,OK,OK,OK,OK
751,MdU.ead.lab.0028.xml,OK,OK,OK,OK
752,MdU.ead.lab.0029.xml,OK,OK,OK,OK
753,MdU.ead.lab.0030.xml,OK,OK,OK,OK
754,MdU.ead.lab.0031.xml,OK,OK,OK,OK
755,MdU.ead.lab.0032.xml,OK,OK,OK,OK
756,MdU.ead.lab.0033.xml,OK,OK,OK,OK
757,MdU.ead.lab.0034.xml,OK,OK,OK,OK
758,MdU.ead.lab.0035.xml,OK,OK,OK,OK
759,MdU.ead.lab.0036.xml,OK,OK,OK,OK
760,MdU.ead.lab.0038.xml,OK,OK,OK,OK
761,MdU.ead.lab.0039.xml,OK,OK,OK,OK
762,MdU.ead.lab.0040.xml,OK,OK,OK,OK
763,MdU.ead.lab.0041.xml,OK,OK,OK,OK
764,MdU.ead.lab.0042.xml,OK,OK,OK,OK
765,MdU.ead.lab.0043.xml,OK,OK,OK,OK
766,MdU.ead.lab.0044.xml,OK,OK,OK,OK
767,MdU.ead.lab.0045.xml,OK,OK,OK,OK
768,MdU.ead.lab.0046.xml,OK,OK,OK,OK
769,MdU.ead.lab.0047.xml,OK,OK,OK,OK
770,MdU.ead.lab.0048.xml,OK,OK,OK,OK
771,MdU.ead.lab.0049.xml,OK,OK,OK,OK
772,MdU.ead.lab.0050.xml,OK,OK,OK,OK
773,MdU.ead.lab.0051.xml,OK,OK,OK,OK
774,MdU.ead.lab.0052.xml,OK,OK,OK,OK
775,MdU.ead.lab.0053.xml,OK,OK,OK,OK
776,MdU.ead.npba.0001.xml,OK,OK,OK,OK
777,MdU.ead.npba.0002.xml,OK,OK,OK,OK
778,MdU.ead.npba.0003.xml,OK,OK,OK,OK
779,MdU.ead.npba.0004.xml,OK,OK,OK,OK
780,MdU.ead.npba.0005.xml,OK,OK,OK,OK
781,MdU.ead.npba.0006.xml,OK,OK,OK,OK
782,MdU.ead.npba.0007.xml,OK,OK,OK,OK
783,MdU.ead.npba.0008.xml,OK,OK,OK,OK
784,MdU.ead.npba.0009.xml,OK,OK,OK,OK
785,MdU.ead.npba.0010.xml,OK,OK,OK,OK
786,MdU.ead.npba.0011.xml,OK,OK,OK,OK
787,MdU.ead.npba.0012.xml,OK,OK,OK,OK
788,MdU.ead.npba.0013.xml,OK,OK,OK,OK
789,MdU.ead.npba.0014.xml,OK,OK,OK,OK
790,MdU.ead.npba.0015.xml,OK,OK,OK,OK
791,MdU.ead.npba.0016.xml,OK,OK,OK,OK
792,MdU.ead.npba.0017.xml,OK,OK,OK,OK
793,MdU.ead.npba.0018.xml,OK,OK,OK,OK
794,MdU.ead.npba.0019.xml,OK,OK,OK,OK
795,MdU.ead.npba.0020.xml,OK,OK,OK,OK
796,MdU.ead.npba.0021.xml,OK,OK,OK,OK
797,MdU.ead.npba.0022.xml,OK,OK,OK,OK
798,MdU.ead.npba.0023.xml,OK,OK,OK,OK
799,MdU.ead.npba.0024.xml,OK,OK,OK,OK
800,MdU.ead.npba.0025.xml,OK,OK,OK,OK
801,MdU.ead.npba.0026.xml,OK,OK,OK,OK
802,MdU.ead.npba.0027.xml,OK,OK,OK,OK
803,MdU.ead.npba.0028.xml,OK,OK,OK,OK
804,MdU.ead.npba.0029.xml,OK,OK,OK,OK
805,MdU.ead.npba.0030.xml,OK,OK,OK,OK
806,MdU.ead.npba.0031.xml,OK,OK,OK,OK
807,MdU.ead.npba.0032.xml,OK,OK,OK,OK
808,MdU.ead.npba.0033.xml,OK,OK,OK,OK
809,MdU.ead.npba.0034.xml,OK,OK,OK,OK
810,MdU.ead.npba.0035.xml,OK,OK,OK,OK
811,MdU.ead.npba.0036.xml,OK,OK,OK,OK
812,MdU.ead.npba.0037.xml,OK,OK,OK,OK
813,MdU.ead.npba.0038.xml,OK,OK,OK,OK
814,MdU.ead.npba.0039.xml,OK,OK,OK,OK
815,MdU.ead.npba.0040.xml,OK,OK,OK,OK
816,MdU.ead.npba.0041.xml,OK,OK,OK,OK
817,MdU.ead.npba.0042.xml,OK,OK,OK,OK
818,MdU.ead.npba.0043.xml,OK,OK,OK,OK
819,MdU.ead.npba.0044.xml,OK,OK,OK,OK
820,MdU.ead.npba.0045.xml,OK,OK,OK,OK
821,MdU.ead.npba.0046.xml,OK,OK,OK,OK
822,MdU.ead.npba.0047.xml,OK,OK,OK,OK
823,MdU.ead.npba.0048.xml,OK,OK,OK,OK
824,MdU.ead.npba.0049.xml,OK,OK,OK,OK
825,MdU.ead.npba.0050.xml,OK,OK,OK,OK
826,MdU.ead.npba.0051.xml,OK,OK,OK,OK
827,MdU.ead.npba.0052.xml,OK,OK,OK,OK
828,MdU.ead.npba.0053.xml,OK,OK,OK,OK
829,MdU.ead.npba.0054.xml,OK,OK,OK,OK
830,MdU.ead.npba.0055.xml,OK,OK,OK,OK
831,MdU.ead.npba.0056.xml,OK,OK,OK,OK
832,MdU.ead.npba.0057.xml,OK,OK,OK,OK
833,MdU.ead.npba.0058.xml,OK,OK,OK,OK
834,MdU.ead.npba.0059.xml,OK,OK,OK,OK
835,MdU.ead.npba.0060.xml,OK,OK,OK,OK
836,MdU.ead.npba.0061.xml,OK,OK,OK,OK
837,MdU.ead.npba.0062.xml,OK,OK,OK,OK
838,MdU.ead.npba.0063.xml,OK,OK,OK,OK
839,MdU.ead.npba.0064.xml,OK,OK,OK,OK
840,MdU.ead.npba.0065.xml,OK,OK,OK,OK
841,MdU.ead.npba.0066.xml,OK,OK,OK,OK
842,MdU.ead.npba.0067.xml,OK,OK,OK,OK
843,MdU.ead.npba.0068.xml,OK,OK,OK,OK
844,MdU.ead.npba.0069.xml,OK,OK,OK,OK
845,MdU.ead.npba.0070.xml,OK,OK,OK,OK
846,MdU.ead.npba.0071.xml,OK,OK,OK,OK
847,MdU.ead.npba.0072.xml,OK,OK,OK,OK
848,MdU.ead.npba.0073.xml,OK,OK,OK,OK
849,MdU.ead.npba.0074.xml,OK,OK,OK,OK
850,MdU.ead.npba.0075.xml,OK,OK,OK,OK
851,MdU.ead.npba.0076.xml,OK,OK,OK,OK
852,MdU.ead.npba.0077.xml,OK,OK,OK,OK
853,MdU.ead.npba.0078.xml,OK,OK,OK,OK
854,MdU.ead.npba.0079.xml,OK,OK,OK,OK
855,MdU.ead.npba.0080.xml,OK,OK,OK,OK
856,MdU.ead.npba.0081.xml,OK,OK,OK,OK
857,MdU.ead.npba.0082.xml,OK,OK,OK,OK
858,MdU.ead.npba.0083.xml,OK,OK,OK,OK
859,MdU.ead.npba.0084.xml,OK,OK,OK,OK
860,MdU.ead.npba.0085.xml,OK,OK,OK,OK
861,MdU.ead.npba.0086.xml,OK,OK,OK,OK
862,MdU.ead.npba.0087.xml,OK,OK,OK,OK
863,MdU.ead.npba.0088.xml,OK,OK,OK,OK
864,MdU.ead.npba.0089.xml,OK,OK,OK,OK
865,MdU.ead.npba.0090.xml,OK,OK,OK,OK
866,MdU.ead.npba.0091.xml,OK,OK,OK,OK
867,MdU.ead.npba.0092.xml,OK,OK,OK,OK
868,MdU.ead.npba.0093.xml,OK,OK,OK,OK
869,MdU.ead.npba.0094.xml,OK,OK,OK,OK
870,MdU.ead.npba.0095.xml,OK,OK,OK,OK
871,MdU.ead.npba.0096.xml,OK,OK,OK,OK
872,MdU.ead.npba.0098.xml,OK,OK,OK,OK
873,MdU.ead.npba.0099.xml,OK,OK,OK,OK
874,MdU.ead.npba.0100.xml,OK,OK,OK,OK
875,MdU.ead.npba.0101.xml,OK,OK,OK,OK
876,MdU.ead.npba.0102.xml,OK,OK,OK,OK
877,MdU.ead.npba.0103.xml,OK,OK,OK,OK
878,MdU.ead.npba.0104.xml,OK,OK,OK,OK
879,MdU.ead.scpa.0104.xml,OK,OK,OK,OK
880,MdU.ead.ipam.0001.xml,error,error,OK,OK
881,MdU.ead.ipam.0002.xml,error,error,OK,OK
882,MdU.ead.ipam.0003.xml,error,error,OK,OK
883,MdU.ead.ipam.0004.xml,error,error,OK,OK
884,MdU.ead.ipam.0005.xml,error,error,OK,OK
885,MdU.ead.ipam.0006.xml,error,error,OK,OK
886,MdU.ead.ipam.0007.xml,error,error,OK,OK
887,MdU.ead.ipam.0008.xml,error,error,OK,OK
888,MdU.ead.ipam.0009.xml,error,error,OK,OK
889,MdU.ead.ipam.0010.xml,error,error,OK,OK
890,MdU.ead.ipam.0011.xml,error,error,OK,OK
891,MdU.ead.ipam.0012.xml,error,error,OK,OK
892,MdU.ead.ipam.0013.xml,error,error,OK,OK
893,MdU.ead.ipam.0014.xml,error,error,OK,OK
894,MdU.ead.ipam.0015.xml,error,error,OK,OK
895,MdU.ead.ipam.0016.xml,error,error,OK,OK
896,MdU.ead.ipam.0017.xml,error,error,OK,OK
897,MdU.ead.ipam.0018.xml,error,error,OK,OK
898,MdU.ead.ipam.0019.xml,error,error,OK,OK
899,MdU.ead.ipam.0020.xml,error,error,OK,OK
900,MdU.ead.ipam.0021.xml,error,error,OK,OK
901,MdU.ead.ipam.0022.xml,error,error,OK,OK
902,MdU.ead.ipam.0023.xml,error,error,OK,OK
903,MdU.ead.ipam.0024.xml,error,error,OK,OK
904,MdU.ead.ipam.0025.xml,error,error,OK,OK
905,MdU.ead.ipam.0026.xml,error,error,OK,OK
906,MdU.ead.ipam.0027.xml,error,error,OK,OK
907,MdU.ead.ipam.0028.xml,error,error,OK,OK
908,MdU.ead.ipam.0029.xml,error,error,OK,OK
909,MdU.ead.ipam.0030.xml,error,error,OK,OK
910,MdU.ead.ipam.0031.xml,error,error,OK,OK
911,MdU.ead.scpa.0001.xml,OK,OK,OK,OK
912,MdU.ead.scpa.0002.xml,OK,OK,OK,OK
913,MdU.ead.scpa.0003.xml,error,error,OK,OK
914,MdU.ead.scpa.0004.xml,error,error,OK,OK
915,MdU.ead.scpa.0005.xml,error,error,OK,OK
916,MdU.ead.scpa.0006.xml,OK,OK,OK,OK
917,MdU.ead.scpa.0007.xml,OK,OK,OK,OK
918,MdU.ead.scpa.0008.xml,error,error,OK,OK
919,MdU.ead.scpa.0009.xml,OK,OK,OK,OK
920,MdU.ead.scpa.0010.xml,OK,OK,OK,OK
921,MdU.ead.scpa.0011.xml,error,error,OK,OK
922,MdU.ead.scpa.0012.xml,error,error,OK,OK
923,MdU.ead.scpa.0013.xml,OK,OK,OK,OK
924,MdU.ead.scpa.0014.xml,OK,OK,OK,OK
925,MdU.ead.scpa.0015.xml,OK,OK,OK,OK
926,MdU.ead.scpa.0016.xml,error,error,OK,OK
927,MdU.ead.scpa.0017.xml,OK,OK,OK,OK
928,MdU.ead.scpa.0018.xml,OK,OK,OK,OK
929,MdU.ead.scpa.0019.xml,OK,OK,OK,OK
930,MdU.ead.scpa.0020.xml,OK,OK,OK,OK
931,MdU.ead.scpa.0021.xml,OK,OK,OK,OK
932,MdU.ead.scpa.0022.xml,error,error,OK,OK
933,MdU.ead.scpa.0023.xml,OK,OK,OK,OK
934,MdU.ead.scpa.0024.xml,OK,OK,OK,OK
935,MdU.ead.scpa.0025.xml,OK,OK,OK,OK
936,MdU.ead.scpa.0026.xml,error,error,OK,OK
937,MdU.ead.scpa.0027.xml,error,error,OK,OK
938,MdU.ead.scpa.0028.xml,OK,OK,OK,OK
939,MdU.ead.scpa.0029.xml,OK,OK,OK,OK
940,MdU.ead.scpa.0030.xml,OK,OK,OK,OK
941,MdU.ead.scpa.0031.xml,OK,OK,OK,OK
942,MdU.ead.scpa.0032.xml,error,error,OK,OK
943,MdU.ead.scpa.0033.xml,error,error,OK,OK
944,MdU.ead.scpa.0034.xml,error,error,OK,OK
945,MdU.ead.scpa.0035.xml,error,error,OK,OK
946,MdU.ead.scpa.0036.xml,error,error,OK,OK
947,MdU.ead.scpa.0037.xml,error,error,OK,OK
948,MdU.ead.scpa.0038.xml,error,error,OK,OK
949,MdU.ead.scpa.0039.xml,error,error,OK,OK
950,MdU.ead.scpa.0040.xml,OK,OK,OK,OK
951,MdU.ead.scpa.0041.xml,OK,OK,OK,OK
952,MdU.ead.scpa.0042.xml,error,error,OK,OK
953,MdU.ead.scpa.0044.xml,error,error,OK,OK
954,MdU.ead.scpa.0045.xml,error,error,OK,OK
955,MdU.ead.scpa.0046.xml,error,error,OK,OK
956,MdU.ead.scpa.0047.xml,OK,OK,OK,OK
957,MdU.ead.scpa.0048.xml,OK,OK,OK,OK
958,MdU.ead.scpa.0049.xml,error,error,OK,OK
959,MdU.ead.scpa.0050.xml,error,error,OK,OK
960,MdU.ead.scpa.0051.xml,OK,OK,OK,OK
961,MdU.ead.scpa.0052.xml,error,error,OK,OK
962,MdU.ead.scpa.0053.xml,OK,OK,OK,OK
963,MdU.ead.scpa.0054.xml,OK,OK,OK,OK
964,MdU.ead.scpa.0055.xml,OK,OK,OK,OK
965,MdU.ead.scpa.0056.xml,error,error,OK,OK
966,MdU.ead.scpa.0057.xml,error,error,OK,OK
967,MdU.ead.scpa.0058.xml,OK,OK,OK,OK
968,MdU.ead.scpa.0059.xml,error,error,OK,OK
969,MdU.ead.scpa.0060.xml,OK,OK,OK,OK
970,MdU.ead.scpa.0061.xml,OK,OK,OK,OK
971,MdU.ead.scpa.0062.xml,error,error,OK,OK
972,MdU.ead.scpa.0063.xml,error,error,OK,OK
973,MdU.ead.scpa.0064.xml,OK,OK,OK,OK
974,MdU.ead.scpa.0065.xml,error,error,OK,OK
975,MdU.ead.scpa.0066.xml,OK,OK,OK,OK
976,MdU.ead.scpa.0067.xml,error,error,OK,OK
977,MdU.ead.scpa.0068.xml,error,error,OK,OK
978,MdU.ead.scpa.0069.xml,error,error,OK,OK
979,MdU.ead.scpa.0070.xml,OK,OK,OK,OK
980,MdU.ead.scpa.0071.xml,OK,OK,OK,OK
981,MdU.ead.scpa.0072.xml,OK,OK,OK,OK
982,MdU.ead.scpa.0073.xml,error,error,OK,OK
983,MdU.ead.scpa.0074.xml,error,error,OK,OK
984,MdU.ead.scpa.0075.xml,OK,OK,OK,OK
985,MdU.ead.scpa.0076.xml,OK,OK,OK,OK
986,MdU.ead.scpa.0077.xml,OK,OK,OK,OK
987,MdU.ead.scpa.0078.xml,error,error,OK,OK
988,MdU.ead.scpa.0079.xml,error,error,OK,OK
989,MdU.ead.scpa.0080.xml,error,error,OK,OK
990,MdU.ead.scpa.0081.xml,error,error,OK,OK
991,MdU.ead.scpa.0082.xml,OK,OK,OK,OK
992,MdU.ead.scpa.0083.xml,error,error,OK,OK
993,MdU.ead.scpa.0084.xml,error,error,OK,OK
994,MdU.ead.scpa.0085.xml,error,error,OK,OK
995,MdU.ead.scpa.0086.xml,error,error,OK,OK
996,MdU.ead.scpa.0087.xml,OK,OK,OK,OK
997,MdU.ead.scpa.0088.xml,error,error,OK,OK
998,MdU.ead.scpa.0089.xml,error,error,OK,OK
999,MdU.ead.scpa.0090.xml,error,error,OK,OK
1000,MdU.ead.scpa.0091.xml,OK,OK,OK,OK
1001,MdU.ead.scpa.0092.xml,OK,OK,OK,OK
1002,MdU.ead.scpa.0093.xml,error,error,OK,OK
1003,MdU.ead.scpa.0094.xml,error,error,OK,OK
1004,MdU.ead.scpa.0095.xml,error,error,OK,OK
1005,MdU.ead.scpa.0096.xml,OK,OK,OK,OK
1006,MdU.ead.scpa.0097.xml,error,error,OK,OK
1007,MdU.ead.scpa.0098.xml,error,error,OK,OK
1008,MdU.ead.scpa.0099.xml,error,error,OK,OK
1009,MdU.ead.scpa.0100.xml,error,error,OK,OK
1010,MdU.ead.scpa.0101.xml,error,error,OK,OK
1011,MdU.ead.scpa.0102.xml,error,error,OK,OK
1012,MdU.ead.scpa.0103.xml,error,error,OK,OK
1013,MdU.ead.scpa.0104.xml,error,error,OK,OK
1014,MdU.ead.scpa.0105.xml,error,error,OK,OK
1015,MdU.ead.scpa.0106.xml,error,error,OK,OK
1016,MdU.ead.scpa.0107.xml,error,error,OK,OK
1017,MdU.ead.scpa.0108.xml,error,error,OK,OK
1018,MdU.ead.scpa.0109.xml,error,error,OK,OK
1019,MdU.ead.scpa.0110.xml,error,error,OK,OK
1020,MdU.ead.scpa.0111.xml,error,error,OK,OK
1021,MdU.ead.scpa.0112.xml,error,error,OK,OK
1022,MdU.ead.scpa.0113.xml,error,error,OK,OK
1023,MdU.ead.scpa.0114.xml,OK,OK,OK,OK
1024,MdU.ead.scpa.0115.xml,error,error,OK,OK
1025,MdU.ead.scpa.0116.xml,error,error,OK,OK
1026,MdU.ead.scpa.0117.xml,error,error,OK,OK
1027,MdU.ead.scpa.0118.xml,error,error,OK,OK
1028,MdU.ead.scpa.0119.xml,error,error,OK,OK
1029,MdU.ead.scpa.0120.xml,error,error,OK,OK
1030,MdU.ead.scpa.0121.xml,error,error,OK,OK
1031,MdU.ead.scpa.0122.xml,error,error,OK,OK
1032,MdU.ead.scpa.0123.xml,error,error,OK,OK
1033,MdU.ead.scpa.0124.xml,error,error,OK,OK
1034,MdU.ead.scpa.0125.xml,error,error,OK,OK
1035,MdU.ead.scpa.0126.xml,error,error,OK,OK
1036,MdU.ead.scpa.0127.xml,error,error,OK,OK
1037,MdU.ead.scpa.0128.xml,error,error,OK,OK
1038,MdU.ead.scpa.0129.xml,error,error,OK,OK
1039,MdU.ead.scpa.0130.xml,error,error,OK,OK
1040,MdU.ead.scpa.0131.xml,error,error,OK,OK
1041,MdU.ead.scpa.0132.xml,error,error,OK,OK
1042,MdU.ead.scpa.0133.xml,error,error,OK,OK
1043,MdU.ead.scpa.0134.xml,error,error,OK,OK
1044,MdU.ead.scpa.0135.xml,error,error,OK,OK
1045,MdU.ead.scpa.0136.xml,error,error,OK,OK
1046,MdU.ead.scpa.0137.xml,OK,OK,OK,OK
1047,MdU.ead.scpa.0138.xml,error,error,OK,OK
1048,MdU.ead.scpa.0139.xml,OK,OK,OK,OK
1049,MdU.ead.scpa.0140.xml,OK,OK,OK,OK
1050,MdU.ead.scpa.0141.xml,error,error,OK,OK
1051,MdU.ead.scpa.0142.xml,OK,OK,OK,OK
1052,MdU.ead.scpa.0143.xml,OK,OK,OK,OK
1053,MdU.ead.scpa.0144.xml,OK,OK,OK,OK
1054,MdU.ead.scpa.0145.xml,error,error,OK,OK
1055,MdU.ead.scpa.0146.xml,error,error,OK,OK
1056,MdU.ead.scpa.0147.xml,error,error,OK,OK
1057,MdU.ead.scpa.0148.xml,error,error,OK,OK
1058,MdU.ead.scpa.0149.xml,error,error,OK,OK
1059,MdU.ead.scpa.0150.xml,error,error,OK,OK
1060,MdU.ead.scpa.0151.xml,error,error,OK,OK
1061,MdU.ead.scpa.0152.xml,error,error,OK,OK
1062,MdU.ead.scpa.0153.xml,error,error,OK,OK
1063,MdU.ead.scpa.0154.xml,error,error,OK,OK
1064,MdU.ead.scpa.0155.xml,error,error,OK,OK
1065,MdU.ead.scpa.0156.xml,error,error,OK,OK
1066,MdU.ead.scpa.0157.xml,error,error,OK,OK
1067,MdU.ead.scpa.0158.xml,error,error,OK,OK
1068,MdU.ead.scpa.0159.xml,error,error,OK,OK
1069,MdU.ead.scpa.0160.xml,error,error,OK,OK
1070,MdU.ead.scpa.0161.xml,error,error,OK,OK
1071,MdU.ead.scpa.0162.xml,OK,OK,OK,OK
1072,MdU.ead.scpa.0163.xml,error,error,OK,OK
1073,MdU.ead.scpa.0164.xml,error,error,OK,OK
1074,MdU.ead.scpa.0165.xml,OK,OK,OK,OK
1075,MdU.ead.scpa.0166.xml,OK,OK,OK,OK
1076,MdU.ead.scpa.0167.xml,error,error,OK,OK
1077,MdU.ead.scpa.0168.xml,error,error,OK,OK
1078,MdU.ead.scpa.0169.xml,error,error,OK,OK
1079,MdU.ead.scpa.0170.xml,error,error,OK,OK
1080,MdU.ead.scpa.0171.xml,error,error,OK,OK
1081,MdU.ead.scpa.0172.xml,error,error,OK,OK
1082,MdU.ead.scpa.0173.xml,error,error,OK,OK
1083,MdU.ead.scpa.0174.xml,error,error,OK,OK
1084,MdU.ead.scpa.0175.xml,error,error,OK,OK
1085,MdU.ead.scpa.0176.xml,OK,OK,OK,OK
1086,MdU.ead.scpa.0177.xml,OK,OK,OK,OK
1087,MdU.ead.scpa.0178.xml,error,error,OK,OK
1088,MdU.ead.scpa.0179.xml,error,error,OK,OK
1089,MdU.ead.scpa.0180.xml,OK,OK,OK,OK
1090,MdU.ead.scpa.0181.xml,error,error,OK,OK
1091,MdU.ead.scpa.0182.xml,error,error,OK,OK
1092,MdU.ead.scpa.0183.xml,OK,OK,OK,OK
1093,MdU.ead.scpa.0184.xml,error,error,OK,OK
1094,MdU.ead.scpa.0185.xml,OK,OK,OK,OK
1095,MdU.ead.scpa.0186.xml,error,error,OK,OK
1096,MdU.ead.scpa.0187.xml,error,error,OK,OK
1097,MdU.ead.scpa.0188.xml,error,error,OK,OK
1098,MdU.ead.scpa.0189.xml,error,error,OK,OK
1099,MdU.ead.scpa.0190.xml,OK,OK,OK,OK
1100,MdU.ead.scpa.0191.xml,error,error,OK,OK
1101,MdU.ead.scpa.0192.xml,error,error,OK,OK
1102,MdU.ead.scpa.0193.xml,OK,OK,OK,OK
1103,Mdu.ead.scpa.0195.xml,OK,OK,OK,OK
1104,MdU.ead.scpa.0196.xml,error,error,OK,OK
1105,MdU.ead.scpa.0197.xml,error,error,OK,OK
1106,MdU.ead.scpa.0198.xml,OK,OK,OK,OK
1107,MdU.ead.scpa.0199.xml,error,error,OK,OK
1108,MdU.ead.scpa.0200.xml,error,error,OK,OK
1109,MdU.ead.scpa.0201.xml,error,error,OK,OK
1110,MdU.ead.scpa.0202.xml,error,error,OK,OK
1111,MdU.ead.scpa.0203.xml,error,error,OK,OK
1112,MdU.ead.scpa.0204.xml,error,error,OK,OK
1113,MdU.ead.scpa.0205.xml,error,error,OK,OK
1114,MdU.ead.scpa.0206.xml,error,error,OK,OK
1115,MdU.ead.scpa.0207.xml,error,error,OK,OK
1116,MdU.ead.scpa.0208.xml,error,error,OK,OK
1117,MdU.ead.scpa.0209.xml,OK,OK,OK,OK
1118,MdU.ead.scpa.0210.xml,error,error,OK,OK
1119,MdU.ead.scpa.0211.xml,OK,OK,OK,OK
1120,MdU.ead.scpa.0212.xml,OK,OK,OK,OK
1121,MdU.ead.scpa.0213.xml,error,error,OK,OK
1122,MdU.ead.scpa.0214.xml,error,error,OK,OK
1123,MdU.ead.univarch.0002.xml,OK,OK,OK,OK
1124,MdU.ead.univarch.0004.xml,OK,OK,OK,OK
1125,MdU.ead.univarch.0005.xml,OK,OK,OK,OK
1126,MdU.ead.univarch.0006.xml,OK,OK,OK,OK
1127,MdU.ead.univarch.0007.xml,OK,OK,OK,OK
1128,MdU.ead.univarch.0008.xml,OK,OK,OK,OK
1129,MdU.ead.univarch.0009.xml,error,error,OK,OK
1130,MdU.ead.univarch.0010.xml,OK,OK,OK,OK
1131,MdU.ead.univarch.0011.xml,OK,OK,OK,OK
1132,MdU.ead.univarch.0012.xml,error,error,OK,OK
1133,MdU.ead.univarch.0013.xml,OK,OK,OK,OK
1134,MdU.ead.univarch.0015.xml,OK,OK,OK,OK
1135,MdU.ead.univarch.0016.xml,error,error,OK,OK
1136,MdU.ead.univarch.0017.xml,error,error,OK,OK
1137,MdU.ead.univarch.0021.xml,error,error,OK,OK
1138,MdU.ead.univarch.0022.xml,OK,OK,OK,OK
1139,MdU.ead.univarch.0023.xml,OK,OK,OK,OK
1140,MdU.ead.univarch.0024.xml,error,error,OK,OK
1141,MdU.ead.univarch.0025.xml,error,error,OK,OK
1142,MdU.ead.univarch.0026.xml,OK,OK,OK,OK
1143,MdU.ead.univarch.0027.xml,OK,OK,OK,OK
1144,MdU.ead.univarch.0028.xml,OK,OK,OK,OK
1145,MdU.ead.univarch.0029.xml,OK,OK,OK,OK
1146,MdU.ead.univarch.0030.xml,error,error,OK,OK
1147,MdU.ead.univarch.0031.xml,OK,OK,OK,OK
1148,MdU.ead.univarch.0032.xml,OK,OK,OK,OK
1149,MdU.ead.univarch.0033.xml,OK,OK,OK,OK
1150,MdU.ead.univarch.0034.xml,OK,OK,OK,OK
1151,MdU.ead.univarch.0035.xml,error,error,OK,OK
1152,MdU.ead.univarch.0036.xml,error,error,OK,OK
1153,MdU.ead.univarch.0037.xml,OK,OK,OK,OK
1154,MdU.ead.univarch.0038.xml,OK,OK,OK,OK
1155,MdU.ead.univarch.0039.xml,error,error,OK,OK
1156,MdU.ead.univarch.0040.xml,error,error,OK,OK
1157,MdU.ead.univarch.0041.xml,error,error,OK,OK
1158,MdU.ead.univarch.0042.xml,error,error,OK,OK
1159,MdU.ead.univarch.0043.xml,error,error,OK,OK
1160,MdU.ead.univarch.0044.xml,error,error,OK,OK
1161,MdU.ead.univarch.0045.xml,OK,OK,OK,OK
1162,MdU.ead.univarch.0046.xml,error,error,OK,OK
1163,MdU.ead.univarch.0048.xml,OK,OK,OK,OK
1164,MdU.ead.univarch.0050.xml,OK,OK,OK,OK
1165,MdU.ead.univarch.0051.xml,error,error,OK,OK
1166,MdU.ead.univarch.0052.xml,OK,OK,OK,OK
1167,MdU.ead.univarch.0053.xml,error,error,OK,OK
1168,MdU.ead.univarch.0054.xml,error,error,OK,OK
1169,MdU.ead.univarch.0055.xml,OK,OK,OK,OK
1170,MdU.ead.univarch.0056.xml,error,error,OK,OK
1171,MdU.ead.univarch.0057.xml,OK,OK,OK,OK
1172,MdU.ead.univarch.0058.xml,OK,OK,OK,OK
1173,MdU.ead.univarch.0059.xml,OK,OK,OK,OK
1174,MdU.ead.univarch.0060.xml,OK,OK,OK,OK
1175,MdU.ead.univarch.0061.xml,error,error,OK,OK
1176,MdU.ead.univarch.0062.xml,error,error,OK,OK
1177,MdU.ead.univarch.0063.xml,OK,OK,OK,OK
1178,MdU.ead.univarch.0064.xml,error,error,OK,OK
1179,MdU.ead.univarch.0065.xml,OK,OK,OK,OK
1180,MdU.ead.univarch.0066.xml,OK,OK,OK,OK
1181,MdU.ead.univarch.0067.xml,OK,OK,OK,OK
1182,MdU.ead.univarch.0068.xml,OK,OK,OK,OK
1183,MdU.ead.univarch.0069.xml,OK,OK,OK,OK
1184,MdU.ead.univarch.0070.xml,OK,OK,OK,OK
1185,MdU.ead.univarch.0071.xml,OK,OK,OK,OK
1186,MdU.ead.univarch.0072.xml,OK,OK,OK,OK
1187,MdU.ead.univarch.0075.xml,OK,OK,OK,OK
1188,MdU.ead.univarch.0076.xml,OK,OK,OK,OK
1189,MdU.ead.univarch.0077.xml,OK,OK,OK,OK
1190,MdU.ead.univarch.0078.xml,OK,OK,OK,OK
1191,MdU.ead.univarch.0079.xml,OK,OK,OK,OK
1192,MdU.ead.univarch.0080.xml,OK,OK,OK,OK
1193,MdU.ead.univarch.0081.xml,OK,OK,OK,OK
1194,MdU.ead.univarch.0082.xml,OK,OK,OK,OK
1195,MdU.ead.univarch.0083.xml,OK,OK,OK,OK
1196,MdU.ead.univarch.0084.xml,OK,OK,OK,OK
1197,MdU.ead.univarch.0085.xml,OK,OK,OK,OK
1198,MdU.ead.univarch.0087.xml,OK,OK,OK,OK
1199,MdU.ead.univarch.0088.xml,error,error,OK,OK
1200,MdU.ead.univarch.0089.xml,OK,OK,OK,OK
1201,MdU.ead.univarch.0090.xml,OK,OK,OK,OK
1202,MdU.ead.univarch.0091.xml,OK,OK,OK,OK
1203,MdU.ead.univarch.0092.xml,OK,OK,OK,OK
1204,MdU.ead.univarch.0093.xml,OK,OK,OK,OK
1205,MdU.ead.univarch.0094.xml,OK,OK,OK,OK
1206,MdU.ead.univarch.0095.xml,OK,OK,OK,OK
1207,MdU.ead.univarch.0097.xml,OK,OK,OK,OK
1208,MdU.ead.univarch.0098.xml,OK,OK,OK,OK
1209,MdU.ead.univarch.0099.xml,OK,OK,OK,OK
1210,MdU.ead.univarch.0100.xml,OK,OK,OK,OK
1211,MdU.ead.univarch.0101.xml,OK,OK,OK,OK
1212,MdU.ead.univarch.0102.xml,OK,OK,OK,OK
1213,MdU.ead.univarch.0103.xml,OK,OK,OK,OK
1214,MdU.ead.univarch.0104.xml,OK,OK,OK,OK
1215,MdU.ead.univarch.0105.xml,OK,OK,OK,OK
1216,MdU.ead.univarch.0107.xml,OK,OK,OK,OK
1217,MdU.ead.univarch.0108.xml,OK,OK,OK,OK
1218,MdU.ead.univarch.0109.xml,OK,OK,OK,OK
1219,MdU.ead.univarch.0110.xml,OK,OK,OK,OK
1220,MdU.ead.univarch.0112.xml,OK,OK,OK,OK
1221,MdU.ead.univarch.0113.xml,OK,OK,OK,OK
1222,MdU.ead.univarch.0114.xml,OK,OK,OK,OK
1223,MdU.ead.univarch.0115.xml,OK,OK,OK,OK
1224,MdU.ead.univarch.0116.xml,OK,OK,OK,OK
1225,MdU.ead.univarch.0117.xml,OK,OK,OK,OK
1226,MdU.ead.univarch.0118.xml,OK,OK,OK,OK
1227,MdU.ead.univarch.0119.xml,OK,OK,OK,OK
1228,MdU.ead.univarch.0120.xml,OK,OK,OK,OK
1229,MdU.ead.univarch.0121.xml,OK,OK,OK,OK
1230,MdU.ead.univarch.0123.xml,error,error,OK,OK
1231,MdU.ead.univarch.0124.xml,OK,OK,OK,OK
1232,MdU.ead.univarch.0125.xml,OK,OK,OK,OK
1233,MdU.ead.univarch.0126.xml,OK,OK,OK,OK
1234,MdU.ead.univarch.0127.xml,OK,OK,OK,OK
1235,MdU.ead.univarch.0128.xml,error,error,OK,OK
1236,MdU.ead.univarch.0130.xml,OK,OK,OK,OK
1237,MdU.ead.univarch.0131.xml,OK,OK,OK,OK
1238,MdU.ead.univarch.0134.xml,OK,OK,OK,OK
1239,MdU.ead.univarch.0135.xml,OK,OK,OK,OK
1240,MdU.ead.univarch.0136.xml,OK,OK,OK,OK
1241,MdU.ead.univarch.0137.xml,OK,OK,OK,OK
1242,MdU.ead.univarch.0139.xml,OK,OK,OK,OK
1243,MdU.ead.univarch.0141.xml,OK,OK,OK,OK
1244,MdU.ead.univarch.0142.xml,OK,OK,OK,OK
1245,MdU.ead.univarch.0143.xml,OK,OK,OK,OK
1246,MdU.ead.univarch.0144.xml,OK,OK,OK,OK
1247,MdU.ead.univarch.0145.xml,OK,OK,OK,OK
1248,MdU.ead.univarch.0146.xml,OK,OK,OK,OK
1249,MdU.ead.univarch.0149.xml,OK,OK,OK,OK
1250,MdU.ead.univarch.0150.xml,OK,OK,OK,OK
1251,MdU.ead.univarch.0151.xml,OK,OK,OK,OK
1252,MdU.ead.univarch.0152.xml,OK,OK,OK,OK
1253,MdU.ead.univarch.0153.xml,OK,OK,OK,OK
1254,MdU.ead.univarch.0154.xml,OK,OK,OK,OK
1255,MdU.ead.univarch.0155.xml,OK,OK,OK,OK
1256,MdU.ead.univarch.0156.xml,OK,OK,OK,OK
1257,MdU.ead.univarch.0157.xml,error,error,OK,OK
1258,MdU.ead.univarch.0158.xml,OK,OK,OK,OK
1259,MdU.ead.univarch.0159.xml,OK,OK,OK,OK
1260,MdU.ead.univarch.0160.xml,OK,OK,OK,OK
1261,MdU.ead.univarch.0161.xml,OK,OK,OK,OK
1262,MdU.ead.univarch.0162.xml,OK,OK,OK,OK
1263,MdU.ead.univarch.0163.xml,OK,OK,OK,OK
1264,MdU.ead.univarch.0164.xml,OK,OK,OK,OK
1265,MdU.ead.univarch.0165.xml,OK,OK,OK,OK
1266,MdU.ead.univarch.0166.xml,OK,OK,OK,OK
1267,MdU.ead.univarch.0167.xml,OK,OK,OK,OK
1268,MdU.ead.univarch.0168.xml,OK,OK,OK,OK
1269,MdU.ead.univarch.0169.xml,OK,OK,OK,OK
1270,MdU.ead.univarch.0170.xml,OK,OK,OK,OK
1271,MdU.ead.univarch.0171.xml,OK,OK,OK,OK
1272,MdU.ead.univarch.0172.xml,OK,OK,OK,OK
1273,MdU.ead.univarch.0173.xml,OK,OK,OK,OK
1274,MdU.ead.univarch.0174.xml,OK,OK,OK,OK
1275,MdU.ead.univarch.0175.xml,OK,OK,OK,OK
1276,MdU.ead.univarch.0176.xml,OK,OK,OK,OK
1277,MdU.ead.univarch.0177.xml,OK,OK,OK,OK
1278,MdU.ead.univarch.0178.xml,OK,OK,OK,OK
1279,MdU.ead.univarch.0179.xml,OK,OK,OK,OK
1280,MdU.ead.univarch.0180.xml,OK,OK,OK,OK
1281,MdU.ead.univarch.0181.xml,OK,OK,OK,OK
1282,MdU.ead.univarch.0182.xml,OK,OK,OK,OK
1283,MdU.ead.univarch.0183.xml,OK,OK,OK,OK
1284,MdU.ead.univarch.0184.xml,OK,OK,OK,OK
1285,MdU.ead.univarch.0185.xml,OK,OK,OK,OK
1286,MdU.ead.univarch.0186.xml,OK,OK,OK,OK
1287,MdU.ead.univarch.0187.xml,OK,OK,OK,OK
1288,MdU.ead.univarch.0188.xml,OK,OK,OK,OK
1289,MdU.ead.univarch.0189.xml,OK,OK,OK,OK
1290,MdU.ead.univarch.0190.xml,OK,OK,OK,OK
1291,MdU.ead.univarch.0191.xml,OK,OK,OK,OK
